Open_time,Open,High,Low,Close,Volume
2025-09-20 13:02:00,115874.5,115874.5,115859.48,115859.49,9.58327
2025-09-20 13:03:00,115859.49,115868.91,115859.48,115868.91,5.23153
2025-09-20 13:04:00,115868.9,115868.91,115868.9,115868.91,0.76898
2025-09-20 13:05:00,115868.91,115868.91,115868.9,115868.91,0.77202
2025-09-20 13:06:00,115868.91,115868.91,115868.9,115868.9,0.9431
2025-09-20 13:07:00,115868.91,115868.91,115868.9,115868.9,0.91207
2025-09-20 13:08:00,115868.91,115868.91,115868.89,115868.9,4.23917
2025-09-20 13:09:00,115868.89,115868.9,115868.89,115868.9,1.27386
2025-09-20 13:10:00,115868.89,115890.95,115868.89,115890.94,5.36044
2025-09-20 13:11:00,115890.95,115890.95,115890.94,115890.95,0.83652
2025-09-20 13:12:00,115890.95,115890.95,115890.94,115890.95,0.89583
2025-09-20 13:13:00,115890.94,115890.95,115890.94,115890.95,1.59131
2025-09-20 13:14:00,115890.95,115890.95,115890.94,115890.95,0.70113
2025-09-20 13:15:00,115890.94,115890.95,115890.94,115890.95,0.8339
2025-09-20 13:16:00,115890.95,115890.96,115890.94,115890.96,0.89926
2025-09-20 13:17:00,115890.96,115897.88,115890.95,115897.87,3.27679
2025-09-20 13:18:00,115897.88,115897.93,115897.87,115897.93,1.84578
2025-09-20 13:19:00,115897.92,115905.93,115897.92,115905.92,1.26972
2025-09-20 13:20:00,115905.93,115905.93,115905.92,115905.93,0.42593
2025-09-20 13:21:00,115905.92,115905.93,115905.92,115905.92,2.84856
2025-09-20 13:22:00,115905.92,115905.93,115905.92,115905.93,0.75109
2025-09-20 13:23:00,115905.93,115905.93,115905.92,115905.92,1.99483
2025-09-20 13:24:00,115905.93,115905.93,115905.92,115905.92,6.5944
2025-09-20 13:25:00,115905.93,115905.93,115905.92,115905.92,0.7509
2025-09-20 13:26:00,115905.93,115905.93,115905.92,115905.92,0.62657
2025-09-20 13:27:00,115905.92,115905.93,115905.92,115905.92,0.69425
2025-09-20 13:28:00,115905.92,115905.93,115905.92,115905.93,0.71094
2025-09-20 13:29:00,115905.93,115905.93,115905.92,115905.93,0.86614
2025-09-20 13:30:00,115905.93,115905.93,115905.92,115905.92,1.71285
2025-09-20 13:31:00,115905.92,115905.93,115905.92,115905.92,1.64389
2025-09-20 13:32:00,115905.93,115905.93,115905.92,115905.93,0.94331
2025-09-20 13:33:00,115905.92,115905.93,115905.92,115905.93,0.52782
2025-09-20 13:34:00,115905.92,115922.15,115905.92,115922.14,6.05959
2025-09-20 13:35:00,115922.14,115922.15,115922.14,115922.14,0.74173
2025-09-20 13:36:00,115922.15,115922.15,115922.14,115922.15,1.84127
2025-09-20 13:37:00,115922.14,115922.15,115922.14,115922.14,0.73446
2025-09-20 13:38:00,115922.15,115922.15,115922.14,115922.14,0.9828
2025-09-20 13:39:00,115922.15,115922.15,115922.14,115922.15,1.15841
2025-09-20 13:40:00,115922.15,115922.15,115894.76,115894.76,7.14704
2025-09-20 13:41:00,115894.77,115894.77,115894.76,115894.77,0.81291
2025-09-20 13:42:00,115894.76,115894.77,115894.76,115894.77,1.20718
2025-09-20 13:43:00,115894.77,115919.97,115894.77,115919.97,3.31377
2025-09-20 13:44:00,115919.97,115926.12,115919.96,115926.11,1.30045
2025-09-20 13:45:00,115926.12,115926.12,115926.11,115926.11,1.04492
2025-09-20 13:46:00,115926.11,115938.16,115926.11,115938.16,4.14994
2025-09-20 13:47:00,115938.15,115938.18,115938.15,115938.17,1.49878
2025-09-20 13:48:00,115938.17,115938.18,115938.17,115938.18,1.99718
2025-09-20 13:49:00,115938.17,115938.18,115938.17,115938.17,0.80433
2025-09-20 13:50:00,115938.18,115951.96,115938.17,115951.96,3.6319
2025-09-20 13:51:00,115951.95,115951.96,115940.93,115940.93,4.93987
2025-09-20 13:52:00,115940.93,115940.94,115909.53,115909.53,5.22374
2025-09-20 13:53:00,115909.53,115909.54,115891.04,115891.04,4.13289
2025-09-20 13:54:00,115891.05,115909.34,115891.04,115909.34,3.71441
2025-09-20 13:55:00,115909.33,115915.8,115909.33,115915.8,1.64161
2025-09-20 13:56:00,115915.79,115915.8,115915.79,115915.8,0.43408
2025-09-20 13:57:00,115915.8,115915.8,115915.79,115915.8,0.42285
2025-09-20 13:58:00,115915.8,115915.8,115915.79,115915.79,0.4358
2025-09-20 13:59:00,115915.79,115915.8,115915.79,115915.8,0.40733
2025-09-20 14:00:00,115915.79,115915.8,115907.72,115907.73,7.30496
2025-09-20 14:01:00,115907.72,115907.73,115907.72,115907.73,1.08917
2025-09-20 14:02:00,115907.73,115919.3,115907.72,115919.3,5.55244
2025-09-20 14:03:00,115919.29,115939.99,115919.29,115939.98,2.87409
2025-09-20 14:04:00,115939.99,115945.84,115939.98,115945.84,2.24946
2025-09-20 14:05:00,115945.84,115945.84,115945.83,115945.83,0.54337
2025-09-20 14:06:00,115945.84,115945.84,115945.83,115945.84,0.60148
2025-09-20 14:07:00,115945.83,115945.84,115937.79,115937.79,4.33488
2025-09-20 14:08:00,115937.79,115937.8,115917.93,115917.93,4.64158
2025-09-20 14:09:00,115917.94,115917.94,115917.8,115917.8,3.32332
2025-09-20 14:10:00,115917.81,115917.81,115917.8,115917.8,1.294
2025-09-20 14:11:00,115917.8,115917.81,115917.79,115917.79,2.01766
2025-09-20 14:12:00,115917.79,115917.8,115902.21,115902.21,6.8608
2025-09-20 14:13:00,115902.21,115902.22,115896.71,115896.72,3.33642
2025-09-20 14:14:00,115896.72,115896.72,115893.59,115893.59,3.44213
2025-09-20 14:15:00,115893.59,115893.6,115883.3,115883.31,5.54335
2025-09-20 14:16:00,115883.31,115883.31,115883.3,115883.3,1.66651
2025-09-20 14:17:00,115883.31,115883.31,115883.3,115883.3,1.70542
2025-09-20 14:18:00,115883.31,115883.31,115883.3,115883.3,0.5777
2025-09-20 14:19:00,115883.3,115902.9,115883.3,115893.82,7.86228
2025-09-20 14:20:00,115893.83,115893.83,115893.82,115893.82,0.99829
2025-09-20 14:21:00,115893.82,115893.83,115893.82,115893.83,1.2227
2025-09-20 14:22:00,115893.83,115904.75,115893.83,115904.74,3.37182
2025-09-20 14:23:00,115904.74,115904.75,115904.74,115904.74,0.43062
2025-09-20 14:24:00,115904.75,115904.75,115904.74,115904.75,2.64235
2025-09-20 14:25:00,115904.75,115904.75,115904.74,115904.74,0.78806
2025-09-20 14:26:00,115904.74,115904.75,115900.75,115900.76,3.70572
2025-09-20 14:27:00,115900.76,115900.76,115900.75,115900.75,0.50615
2025-09-20 14:28:00,115900.75,115900.76,115900.75,115900.75,0.70774
2025-09-20 14:29:00,115900.76,115900.76,115900.75,115900.76,0.27321
2025-09-20 14:30:00,115900.76,115900.76,115900.75,115900.76,0.59551
2025-09-20 14:31:00,115900.75,115900.76,115900.75,115900.75,0.57744
2025-09-20 14:32:00,115900.76,115900.76,115900.75,115900.76,0.76441
2025-09-20 14:33:00,115900.76,115900.76,115900.75,115900.75,2.59966
2025-09-20 14:34:00,115900.76,115925.64,115900.75,115925.63,10.29732
2025-09-20 14:35:00,115925.64,115925.64,115925.63,115925.63,7.51731
2025-09-20 14:36:00,115925.63,115932.01,115925.63,115932.0,1.96351
2025-09-20 14:37:00,115932.01,115934.55,115932.0,115934.54,3.3265
2025-09-20 14:38:00,115934.55,115939.68,115934.54,115939.68,2.82819
2025-09-20 14:39:00,115939.67,115939.68,115939.67,115939.68,0.47328
2025-09-20 14:40:00,115939.67,115939.68,115939.67,115939.67,0.70944
2025-09-20 14:41:00,115939.67,115939.68,115939.67,115939.68,0.54747
2025-09-20 14:42:00,115939.67,115939.68,115939.67,115939.67,1.23192
2025-09-20 14:43:00,115939.67,115939.68,115939.67,115939.67,0.41824
2025-09-20 14:44:00,115939.68,115940.7,115939.67,115940.69,6.19524
2025-09-20 14:45:00,115940.7,115954.34,115940.69,115954.34,5.32297
2025-09-20 14:46:00,115954.34,115959.93,115954.33,115959.92,5.62355
2025-09-20 14:47:00,115959.92,116012.0,115959.92,116011.99,15.14438
2025-09-20 14:48:00,116012.0,116036.0,116011.99,116030.02,12.85007
2025-09-20 14:49:00,116030.01,116030.02,116009.5,116009.5,10.48479
2025-09-20 14:50:00,116009.51,116009.51,116009.5,116009.5,1.75709
2025-09-20 14:51:00,116009.5,116009.51,116009.5,116009.5,3.34605
2025-09-20 14:52:00,116009.51,116009.51,116009.5,116009.5,2.05775
2025-09-20 14:53:00,116009.51,116009.51,116009.5,116009.51,1.55598
2025-09-20 14:54:00,116009.5,116017.9,116009.5,116017.9,5.718
2025-09-20 14:55:00,116017.89,116017.9,116009.5,116009.5,4.00154
2025-09-20 14:56:00,116009.51,116009.51,115970.36,115970.36,10.65575
2025-09-20 14:57:00,115970.36,115970.37,115970.36,115970.37,2.05543
2025-09-20 14:58:00,115970.37,115970.37,115970.36,115970.36,1.6854
2025-09-20 14:59:00,115970.36,115977.28,115970.36,115970.36,5.85238
2025-09-20 15:00:00,115970.36,116042.91,115970.36,116031.52,7.23485
2025-09-20 15:01:00,116031.52,116038.61,116031.52,116038.6,9.42974
2025-09-20 15:02:00,116038.61,116038.61,116038.6,116038.61,3.28534
2025-09-20 15:03:00,116038.6,116038.61,116038.6,116038.6,3.64421
2025-09-20 15:04:00,116038.6,116038.61,116032.73,116032.74,4.28106
2025-09-20 15:05:00,116032.74,116032.74,116032.73,116032.73,1.65641
2025-09-20 15:06:00,116032.74,116050.03,116032.73,116050.03,8.17365
2025-09-20 15:07:00,116050.03,116050.03,116050.02,116050.03,3.04474
2025-09-20 15:08:00,116050.02,116063.48,116050.02,116063.47,5.24393
2025-09-20 15:09:00,116063.48,116063.49,116063.47,116063.48,7.5947
2025-09-20 15:10:00,116063.49,116064.89,116063.48,116064.89,3.88859
2025-09-20 15:11:00,116064.89,116081.36,116064.88,116081.36,10.16821
2025-09-20 15:12:00,116081.36,116081.36,116081.35,116081.35,5.20644
2025-09-20 15:13:00,116081.35,116081.36,116039.53,116041.67,20.6033
2025-09-20 15:14:00,116041.67,116059.93,116041.67,116059.92,3.69617
2025-09-20 15:15:00,116059.92,116059.93,116059.92,116059.93,1.05027
2025-09-20 15:16:00,116059.93,116079.34,116059.91,116059.91,16.09818
2025-09-20 15:17:00,116059.92,116059.92,116023.72,116039.99,11.70186
2025-09-20 15:18:00,116040.0,116075.04,116039.99,116075.03,5.84402
2025-09-20 15:19:00,116075.04,116096.38,116075.03,116096.38,6.66732
2025-09-20 15:20:00,116096.38,116104.5,116096.38,116100.0,8.03804
2025-09-20 15:21:00,116100.0,116100.01,116051.85,116066.91,26.16082
2025-09-20 15:22:00,116066.9,116082.05,116066.9,116082.04,4.7534
2025-09-20 15:23:00,116082.05,116087.99,116082.05,116087.99,5.73085
2025-09-20 15:24:00,116088.0,116100.66,116087.99,116100.66,2.87652
2025-09-20 15:25:00,116100.65,116121.81,116100.65,116121.8,3.8558
2025-09-20 15:26:00,116121.8,116121.81,116121.8,116121.8,1.87821
2025-09-20 15:27:00,116121.8,116121.81,116118.0,116118.0,4.66378
2025-09-20 15:28:00,116118.0,116118.01,116110.0,116110.01,4.42798
2025-09-20 15:29:00,116110.0,116110.01,116110.0,116110.0,1.69463
2025-09-20 15:30:00,116110.01,116119.3,116110.0,116113.98,7.54051
2025-09-20 15:31:00,116113.98,116113.98,116079.45,116079.45,11.64137
2025-09-20 15:32:00,116079.45,116079.46,116079.45,116079.45,1.09679
2025-09-20 15:33:00,116079.46,116079.46,116044.69,116044.69,7.68368
2025-09-20 15:34:00,116044.7,116044.7,116044.69,116044.7,1.91404
2025-09-20 15:35:00,116044.69,116044.7,116035.0,116035.0,5.37828
2025-09-20 15:36:00,116035.0,116035.01,116020.92,116020.92,4.76713
2025-09-20 15:37:00,116020.93,116020.93,116020.92,116020.92,0.56452
2025-09-20 15:38:00,116020.92,116020.93,116020.92,116020.92,3.08796
2025-09-20 15:39:00,116020.93,116020.93,116020.92,116020.92,1.37128
2025-09-20 15:40:00,116020.92,116020.93,116020.92,116020.92,1.50457
2025-09-20 15:41:00,116020.93,116020.93,116006.0,116006.01,5.26462
2025-09-20 15:42:00,116006.0,116016.01,116006.0,116016.01,6.11059
2025-09-20 15:43:00,116016.01,116016.01,116007.0,116007.0,6.47146
2025-09-20 15:44:00,116007.01,116007.01,116007.0,116007.0,7.52636
2025-09-20 15:45:00,116007.0,116007.01,115987.44,115987.45,16.94302
2025-09-20 15:46:00,115987.44,115987.45,115964.66,115964.66,10.50126
2025-09-20 15:47:00,115964.66,115964.67,115946.91,115946.91,7.17179
2025-09-20 15:48:00,115946.92,115956.49,115946.91,115956.34,5.16817
2025-09-20 15:49:00,115956.35,115956.35,115956.34,115956.34,0.80935
2025-09-20 15:50:00,115956.34,115972.69,115956.34,115972.68,1.93619
2025-09-20 15:51:00,115972.68,115972.69,115972.68,115972.69,1.12498
2025-09-20 15:52:00,115972.69,115972.69,115972.68,115972.68,0.88928
2025-09-20 15:53:00,115972.68,115972.69,115962.8,115962.81,3.40349
2025-09-20 15:54:00,115962.8,115962.81,115960.94,115961.78,6.8034
2025-09-20 15:55:00,115961.79,115972.69,115961.78,115972.69,10.6915
2025-09-20 15:56:00,115972.69,115972.69,115972.68,115972.69,0.78486
2025-09-20 15:57:00,115972.68,115972.7,115972.68,115972.7,3.2291
2025-09-20 15:58:00,115972.7,115986.7,115972.69,115986.69,3.09775
2025-09-20 15:59:00,115986.69,115986.7,115986.69,115986.69,0.79619
2025-09-20 16:00:00,115986.7,115986.7,115986.69,115986.7,0.91084
2025-09-20 16:01:00,115986.7,115991.69,115986.69,115991.69,2.30492
2025-09-20 16:02:00,115991.69,116033.6,115991.68,116033.59,8.41462
2025-09-20 16:03:00,116033.6,116048.0,116033.59,116048.0,1.87706
2025-09-20 16:04:00,116047.99,116048.0,116047.99,116048.0,1.58811
2025-09-20 16:05:00,116047.99,116048.0,116047.99,116047.99,1.67645
2025-09-20 16:06:00,116047.99,116048.0,116047.99,116048.0,0.93101
2025-09-20 16:07:00,116048.0,116048.0,116047.99,116048.0,2.17867
2025-09-20 16:08:00,116048.0,116048.0,115992.78,115992.79,11.28052
2025-09-20 16:09:00,115992.79,115992.79,115992.78,115992.78,2.60149
2025-09-20 16:10:00,115992.79,115992.8,115992.78,115992.8,8.44672
2025-09-20 16:11:00,115992.8,115992.8,115991.53,115991.54,4.03496
2025-09-20 16:12:00,115991.53,115991.54,115991.53,115991.53,0.98292
2025-09-20 16:13:00,115991.54,115991.54,115991.53,115991.53,3.32513
2025-09-20 16:14:00,115991.54,115991.54,115965.13,115965.14,3.79999
2025-09-20 16:15:00,115965.13,115965.14,115965.13,115965.13,2.61128
2025-09-20 16:16:00,115965.13,115965.14,115965.13,115965.14,2.2272
2025-09-20 16:17:00,115965.13,115965.14,115951.37,115951.38,4.07096
2025-09-20 16:18:00,115951.37,115951.38,115916.35,115916.36,6.39143
2025-09-20 16:19:00,115916.36,115916.36,115882.58,115882.82,9.63864
2025-09-20 16:20:00,115882.82,115886.51,115882.82,115886.5,2.43769
2025-09-20 16:21:00,115886.51,115886.51,115886.5,115886.5,6.04016
2025-09-20 16:22:00,115886.5,115886.51,115886.5,115886.5,3.67248
2025-09-20 16:23:00,115886.5,115886.51,115886.5,115886.5,2.72067
2025-09-20 16:24:00,115886.5,115886.51,115886.5,115886.5,0.78455
2025-09-20 16:25:00,115886.5,115886.51,115886.5,115886.5,6.78528
2025-09-20 16:26:00,115886.5,115889.02,115886.5,115888.99,2.72081
2025-09-20 16:27:00,115888.99,115889.0,115888.99,115889.0,1.19084
2025-09-20 16:28:00,115888.99,115911.08,115888.99,115911.08,14.75153
2025-09-20 16:29:00,115911.08,115954.94,115911.07,115954.3,8.13901
2025-09-20 16:30:00,115954.3,115959.69,115954.3,115959.34,3.94441
2025-09-20 16:31:00,115959.34,115959.34,115959.33,115959.33,2.35613
2025-09-20 16:32:00,115959.34,115984.44,115959.33,115984.44,5.18038
2025-09-20 16:33:00,115984.43,115984.44,115984.43,115984.44,1.86387
2025-09-20 16:34:00,115984.44,116015.78,115984.43,116015.78,5.64648
2025-09-20 16:35:00,116015.77,116034.7,116015.77,116034.7,2.67958
2025-09-20 16:36:00,116034.7,116034.7,116034.69,116034.7,2.10778
2025-09-20 16:37:00,116034.69,116034.7,116034.69,116034.7,1.15188
2025-09-20 16:38:00,116034.69,116034.7,116034.69,116034.7,2.64855
2025-09-20 16:39:00,116034.7,116034.7,116034.69,116034.7,1.31774
2025-09-20 16:40:00,116034.7,116037.75,116034.69,116037.75,10.69941
2025-09-20 16:41:00,116037.74,116054.27,116037.74,116054.27,4.57493
2025-09-20 16:42:00,116054.26,116057.24,116054.26,116057.24,5.11275
2025-09-20 16:43:00,116057.24,116057.24,116040.03,116040.04,4.88752
2025-09-20 16:44:00,116040.03,116040.04,116040.03,116040.03,5.03224
2025-09-20 16:45:00,116040.03,116040.04,116040.03,116040.04,0.81263
2025-09-20 16:46:00,116040.04,116040.04,116040.03,116040.03,1.1296
2025-09-20 16:47:00,116040.03,116040.04,116020.92,116020.92,4.18189
2025-09-20 16:48:00,116020.92,116020.93,116020.92,116020.92,1.64428
2025-09-20 16:49:00,116020.92,116020.93,116020.92,116020.93,0.56467
2025-09-20 16:50:00,116020.93,116020.93,116020.92,116020.92,1.63826
2025-09-20 16:51:00,116020.93,116020.93,116020.92,116020.92,0.90608
2025-09-20 16:52:00,116020.92,116030.66,116020.92,116030.66,9.58728
2025-09-20 16:53:00,116030.66,116030.66,116030.65,116030.66,1.08014
2025-09-20 16:54:00,116030.66,116030.66,116030.65,116030.66,1.5213
2025-09-20 16:55:00,116030.66,116030.66,116027.94,116027.95,4.94305
2025-09-20 16:56:00,116027.94,116027.95,116027.94,116027.94,0.923
2025-09-20 16:57:00,116027.94,116027.95,116027.94,116027.94,6.90043
2025-09-20 16:58:00,116027.94,116027.95,116027.94,116027.94,1.38155
2025-09-20 16:59:00,116027.94,116027.95,116027.94,116027.94,1.29387
2025-09-20 17:00:00,116027.95,116079.46,116027.94,116072.34,9.87762
2025-09-20 17:01:00,116072.34,116072.35,116033.27,116033.28,10.6942
2025-09-20 17:02:00,116033.27,116033.28,116027.94,116027.95,2.21754
2025-09-20 17:03:00,116027.95,116027.95,116027.94,116027.94,0.89296
2025-09-20 17:04:00,116027.94,116027.95,116027.94,116027.94,1.65389
2025-09-20 17:05:00,116027.95,116027.95,115999.3,115999.31,6.46271
2025-09-20 17:06:00,115999.3,115999.31,115993.96,115993.97,1.89711
2025-09-20 17:07:00,115993.96,115993.97,115993.96,115993.96,0.80612
2025-09-20 17:08:00,115993.96,115993.97,115993.96,115993.97,1.52815
2025-09-20 17:09:00,115993.97,115993.97,115993.96,115993.96,0.85935
2025-09-20 17:10:00,115993.97,115993.97,115993.96,115993.97,0.81154
2025-09-20 17:11:00,115993.97,115993.97,115993.96,115993.96,1.86037
2025-09-20 17:12:00,115993.97,116011.05,115960.0,115960.0,27.53329
2025-09-20 17:13:00,115960.0,115960.01,115936.1,115936.11,3.65504
2025-09-20 17:14:00,115936.11,115936.11,115904.27,115904.27,7.6399
2025-09-20 17:15:00,115904.27,115904.28,115832.79,115832.8,21.85276
2025-09-20 17:16:00,115832.8,115861.54,115832.79,115861.53,5.14627
2025-09-20 17:17:00,115861.54,115871.88,115861.53,115871.87,1.31962
2025-09-20 17:18:00,115871.87,115898.98,115871.87,115898.97,2.66048
2025-09-20 17:19:00,115898.98,115910.12,115898.98,115910.12,1.46062
2025-09-20 17:20:00,115910.11,115910.12,115883.71,115884.17,3.87805
2025-09-20 17:21:00,115884.16,115884.17,115884.16,115884.17,1.15054
2025-09-20 17:22:00,115884.16,115884.17,115882.73,115882.74,1.29557
2025-09-20 17:23:00,115882.74,115882.74,115882.73,115882.74,1.10283
2025-09-20 17:24:00,115882.74,115882.74,115882.73,115882.73,1.23323
2025-09-20 17:25:00,115882.74,115882.74,115882.73,115882.74,6.52827
2025-09-20 17:26:00,115882.74,115882.74,115882.73,115882.73,0.65587
2025-09-20 17:27:00,115882.73,115882.74,115864.15,115864.16,4.47564
2025-09-20 17:28:00,115864.15,115864.16,115854.77,115854.78,3.15115
2025-09-20 17:29:00,115854.78,115854.78,115854.77,115854.78,1.34305
2025-09-20 17:30:00,115854.77,115859.39,115854.77,115859.39,2.40807
2025-09-20 17:31:00,115859.39,115886.85,115859.38,115886.85,3.03037
2025-09-20 17:32:00,115886.84,115886.85,115886.84,115886.84,0.69742
2025-09-20 17:33:00,115886.84,115886.85,115886.84,115886.85,0.82309
2025-09-20 17:34:00,115886.85,115886.85,115886.84,115886.84,0.6204
2025-09-20 17:35:00,115886.84,115886.85,115882.87,115882.87,4.90692
2025-09-20 17:36:00,115882.87,115882.88,115882.87,115882.87,0.53889
2025-09-20 17:37:00,115882.87,115891.97,115882.87,115889.7,4.50972
2025-09-20 17:38:00,115889.69,115889.7,115889.69,115889.69,0.78792
2025-09-20 17:39:00,115889.69,115889.7,115889.69,115889.69,0.3007
2025-09-20 17:40:00,115889.69,115889.7,115889.69,115889.69,0.65637
2025-09-20 17:41:00,115889.69,115889.7,115889.69,115889.69,0.95112
2025-09-20 17:42:00,115889.69,115889.69,115876.95,115877.36,3.49395
2025-09-20 17:43:00,115877.36,115877.36,115877.35,115877.36,0.41461
2025-09-20 17:44:00,115877.35,115877.36,115877.35,115877.36,0.69441
2025-09-20 17:45:00,115877.35,115877.36,115877.35,115877.36,0.73407
2025-09-20 17:46:00,115877.35,115877.36,115877.35,115877.35,0.46041
2025-09-20 17:47:00,115877.35,115877.36,115877.35,115877.36,0.60164
2025-09-20 17:48:00,115877.36,115877.36,115851.66,115851.66,9.19054
2025-09-20 17:49:00,115851.66,115851.66,115834.01,115834.02,2.01485
2025-09-20 17:50:00,115834.02,115834.02,115834.01,115834.02,3.50218
2025-09-20 17:51:00,115834.02,115834.02,115817.28,115817.29,3.23961
2025-09-20 17:52:00,115817.29,115824.16,115817.28,115823.86,1.78903
2025-09-20 17:53:00,115823.86,115834.59,115823.85,115834.59,0.68554
2025-09-20 17:54:00,115834.58,115834.59,115826.13,115826.13,1.66022
2025-09-20 17:55:00,115826.13,115826.14,115825.33,115825.34,1.2573
2025-09-20 17:56:00,115825.33,115825.34,115821.72,115821.72,1.04031
2025-09-20 17:57:00,115821.73,115821.73,115821.72,115821.72,0.8604
2025-09-20 17:58:00,115821.72,115821.73,115821.72,115821.73,0.41765
2025-09-20 17:59:00,115821.72,115821.73,115821.72,115821.72,1.13778
2025-09-20 18:00:00,115821.73,115821.73,115821.72,115821.73,1.14464
2025-09-20 18:01:00,115821.72,115821.73,115805.27,115805.28,3.01035
2025-09-20 18:02:00,115805.28,115805.28,115805.27,115805.27,1.10204
2025-09-20 18:03:00,115805.27,115805.28,115757.58,115757.58,12.9203
2025-09-20 18:04:00,115757.58,115757.59,115730.7,115730.7,7.66373
2025-09-20 18:05:00,115730.7,115752.7,115730.7,115752.7,3.7717
2025-09-20 18:06:00,115752.7,115752.7,115752.69,115752.7,0.44189
2025-09-20 18:07:00,115752.7,115752.7,115752.69,115752.69,0.76128
2025-09-20 18:08:00,115752.69,115752.7,115752.69,115752.69,2.63111
2025-09-20 18:09:00,115752.69,115752.7,115732.46,115732.46,2.76034
2025-09-20 18:10:00,115732.47,115740.0,115732.46,115739.99,2.08567
2025-09-20 18:11:00,115740.0,115740.0,115739.99,115739.99,0.63856
2025-09-20 18:12:00,115739.99,115740.0,115733.01,115733.01,7.64133
2025-09-20 18:13:00,115733.02,115733.02,115733.01,115733.02,1.09346
2025-09-20 18:14:00,115733.02,115733.02,115733.01,115733.02,1.61246
2025-09-20 18:15:00,115733.01,115733.02,115733.0,115733.0,0.96406
2025-09-20 18:16:00,115733.0,115733.0,115700.0,115700.01,3.36478
2025-09-20 18:17:00,115700.01,115700.01,115700.0,115700.0,1.42764
2025-09-20 18:18:00,115700.01,115711.09,115700.0,115711.08,3.25197
2025-09-20 18:19:00,115711.09,115716.26,115711.08,115716.26,3.98249
2025-09-20 18:20:00,115716.25,115725.39,115716.25,115725.39,4.72574
2025-09-20 18:21:00,115725.39,115725.39,115725.38,115725.39,0.34517
2025-09-20 18:22:00,115725.38,115725.39,115725.37,115725.38,5.24031
2025-09-20 18:23:00,115725.37,115746.0,115725.37,115746.0,8.24646
2025-09-20 18:24:00,115746.0,115746.0,115745.99,115745.99,0.42044
2025-09-20 18:25:00,115745.99,115746.0,115745.99,115745.99,0.74086
2025-09-20 18:26:00,115745.99,115746.0,115745.99,115746.0,0.53996
2025-09-20 18:27:00,115745.99,115778.62,115745.99,115778.61,2.71394
2025-09-20 18:28:00,115778.61,115788.87,115778.61,115788.87,0.90832
2025-09-20 18:29:00,115788.87,115793.95,115788.87,115793.95,2.46387
2025-09-20 18:30:00,115793.94,115793.95,115793.93,115793.93,9.96709
2025-09-20 18:31:00,115793.93,115793.94,115793.93,115793.94,1.16723
2025-09-20 18:32:00,115793.93,115793.94,115793.93,115793.93,0.48766
2025-09-20 18:33:00,115793.94,115793.94,115777.8,115777.81,6.20517
2025-09-20 18:34:00,115777.81,115777.81,115777.8,115777.8,1.83042
2025-09-20 18:35:00,115777.8,115777.81,115767.08,115767.08,1.86608
2025-09-20 18:36:00,115767.09,115767.09,115756.73,115756.74,1.23254
2025-09-20 18:37:00,115756.73,115756.74,115724.9,115724.91,3.73564
2025-09-20 18:38:00,115724.91,115724.91,115713.29,115713.3,1.40151
2025-09-20 18:39:00,115713.29,115713.3,115713.29,115713.29,1.48918
2025-09-20 18:40:00,115713.3,115713.3,115713.29,115713.3,1.43417
2025-09-20 18:41:00,115713.29,115741.27,115713.29,115741.27,8.76979
2025-09-20 18:42:00,115741.26,115741.27,115741.26,115741.26,3.07556
2025-09-20 18:43:00,115741.26,115741.27,115741.26,115741.27,0.86879
2025-09-20 18:44:00,115741.27,115741.27,115741.26,115741.26,1.41359
2025-09-20 18:45:00,115741.27,115741.27,115739.81,115739.81,5.53962
2025-09-20 18:46:00,115739.81,115739.82,115739.81,115739.82,0.97464
2025-09-20 18:47:00,115739.81,115739.82,115739.81,115739.81,2.86051
2025-09-20 18:48:00,115739.82,115739.82,115739.81,115739.81,1.04624
2025-09-20 18:49:00,115739.82,115739.82,115713.29,115713.29,5.57983
2025-09-20 18:50:00,115713.3,115713.3,115712.09,115712.09,3.5695
2025-09-20 18:51:00,115712.09,115718.11,115712.09,115718.11,3.47607
2025-09-20 18:52:00,115718.1,115718.11,115718.1,115718.11,0.99349
2025-09-20 18:53:00,115718.11,115740.0,115718.1,115739.99,7.05322
2025-09-20 18:54:00,115740.0,115743.22,115739.99,115743.21,3.93847
2025-09-20 18:55:00,115743.21,115743.22,115739.99,115739.99,4.47075
2025-09-20 18:56:00,115739.99,115740.0,115723.56,115723.57,2.20953
2025-09-20 18:57:00,115723.56,115723.57,115711.5,115711.51,11.01658
2025-09-20 18:58:00,115711.51,115711.51,115711.5,115711.5,5.15715
2025-09-20 18:59:00,115711.5,115711.51,115711.5,115711.51,0.54562
2025-09-20 19:00:00,115711.51,115711.51,115711.5,115711.5,1.65792
2025-09-20 19:01:00,115711.5,115711.51,115711.5,115711.51,0.49616
2025-09-20 19:02:00,115711.51,115711.51,115711.5,115711.51,0.53845
2025-09-20 19:03:00,115711.5,115711.51,115711.5,115711.51,0.85555
2025-09-20 19:04:00,115711.5,115711.51,115711.5,115711.51,5.43376
2025-09-20 19:05:00,115711.5,115711.51,115711.5,115711.5,0.58783
2025-09-20 19:06:00,115711.5,115711.51,115711.5,115711.51,0.6167
2025-09-20 19:07:00,115711.5,115711.51,115711.5,115711.51,5.39986
2025-09-20 19:08:00,115711.51,115738.69,115711.5,115722.61,13.85045
2025-09-20 19:09:00,115722.6,115722.61,115722.6,115722.61,0.933
2025-09-20 19:10:00,115722.61,115722.61,115722.6,115722.61,1.13502
2025-09-20 19:11:00,115722.6,115722.61,115722.6,115722.6,1.20286
2025-09-20 19:12:00,115722.6,115736.21,115722.6,115736.21,2.31852
2025-09-20 19:13:00,115736.21,115736.21,115736.2,115736.21,0.7372
2025-09-20 19:14:00,115736.21,115736.21,115736.2,115736.2,1.16764
2025-09-20 19:15:00,115736.2,115741.99,115736.2,115741.98,8.73827
2025-09-20 19:16:00,115741.98,115748.81,115741.98,115748.81,10.08598
2025-09-20 19:17:00,115748.81,115748.81,115748.8,115748.81,0.72346
2025-09-20 19:18:00,115748.81,115757.95,115748.8,115757.95,3.74417
2025-09-20 19:19:00,115757.94,115757.95,115729.36,115729.37,9.18116
2025-09-20 19:20:00,115729.36,115729.37,115728.89,115728.89,5.84223
2025-09-20 19:21:00,115728.89,115744.41,115728.89,115744.4,11.87742
2025-09-20 19:22:00,115744.41,115753.95,115744.4,115753.94,4.43537
2025-09-20 19:23:00,115753.94,115778.39,115753.94,115778.39,21.28227
2025-09-20 19:24:00,115778.38,115812.62,115778.38,115812.62,18.39859
2025-09-20 19:25:00,115812.62,115812.62,115798.15,115798.16,3.92476
2025-09-20 19:26:00,115798.16,115798.16,115798.15,115798.16,2.05894
2025-09-20 19:27:00,115798.16,115798.16,115796.56,115796.57,5.7129
2025-09-20 19:28:00,115796.56,115796.57,115772.41,115773.15,9.87765
2025-09-20 19:29:00,115773.14,115773.15,115773.14,115773.15,0.7022
2025-09-20 19:30:00,115773.15,115773.15,115773.14,115773.14,0.64353
2025-09-20 19:31:00,115773.14,115778.65,115773.14,115778.64,1.02138
2025-09-20 19:32:00,115778.65,115778.65,115778.64,115778.64,0.5888
2025-09-20 19:33:00,115778.64,115784.97,115778.64,115784.97,1.26062
2025-09-20 19:34:00,115784.97,115784.97,115784.96,115784.96,1.26485
2025-09-20 19:35:00,115784.97,115784.97,115770.48,115770.48,3.18239
2025-09-20 19:36:00,115770.49,115770.49,115770.48,115770.48,0.67908
2025-09-20 19:37:00,115770.49,115770.49,115770.48,115770.49,0.78371
2025-09-20 19:38:00,115770.48,115770.49,115698.08,115707.25,92.20808
2025-09-20 19:39:00,115707.24,115707.25,115707.24,115707.24,1.10674
2025-09-20 19:40:00,115707.25,115707.25,115698.08,115698.08,5.11236
2025-09-20 19:41:00,115698.08,115698.09,115698.08,115698.08,1.41581
2025-09-20 19:42:00,115698.09,115698.09,115698.08,115698.09,0.93246
2025-09-20 19:43:00,115698.08,115698.09,115698.08,115698.09,0.50922
2025-09-20 19:44:00,115698.08,115698.09,115698.08,115698.08,4.17399
2025-09-20 19:45:00,115698.08,115698.09,115698.08,115698.08,1.20589
2025-09-20 19:46:00,115698.08,115698.09,115698.08,115698.09,0.78748
2025-09-20 19:47:00,115698.08,115705.0,115698.08,115705.0,3.18672
2025-09-20 19:48:00,115705.0,115705.0,115704.99,115705.0,1.47283
2025-09-20 19:49:00,115705.0,115705.0,115704.99,115705.0,1.63815
2025-09-20 19:50:00,115705.0,115705.0,115704.99,115704.99,1.59275
2025-09-20 19:51:00,115704.99,115705.0,115702.42,115702.43,4.8926
2025-09-20 19:52:00,115702.42,115702.43,115702.42,115702.42,1.19411
2025-09-20 19:53:00,115702.43,115702.43,115702.42,115702.42,0.55481
2025-09-20 19:54:00,115702.42,115702.43,115702.42,115702.42,0.3903
2025-09-20 19:55:00,115702.42,115702.43,115702.42,115702.42,0.51458
2025-09-20 19:56:00,115702.43,115702.43,115702.42,115702.42,0.3642
2025-09-20 19:57:00,115702.43,115702.43,115702.42,115702.43,0.2499
2025-09-20 19:58:00,115702.43,115702.43,115702.42,115702.43,0.74574
2025-09-20 19:59:00,115702.43,115702.43,115702.0,115702.0,3.71133
2025-09-20 20:00:00,115702.0,115702.0,115690.0,115690.0,3.47017
2025-09-20 20:01:00,115690.0,115690.01,115690.0,115690.01,0.55362
2025-09-20 20:02:00,115690.01,115709.3,115690.0,115709.23,4.22872
2025-09-20 20:03:00,115709.24,115730.42,115709.23,115730.42,4.50327
2025-09-20 20:04:00,115730.41,115738.4,115730.41,115738.4,5.28075
2025-09-20 20:05:00,115738.4,115754.81,115738.39,115754.8,3.75729
2025-09-20 20:06:00,115754.8,115754.81,115737.78,115737.78,4.91523
2025-09-20 20:07:00,115737.79,115737.79,115722.71,115722.71,4.98744
2025-09-20 20:08:00,115722.71,115722.72,115722.71,115722.72,0.91935
2025-09-20 20:09:00,115722.72,115722.72,115722.71,115722.72,0.52518
2025-09-20 20:10:00,115722.71,115722.72,115722.71,115722.72,0.50285
2025-09-20 20:11:00,115722.71,115722.72,115722.71,115722.72,1.66806
2025-09-20 20:12:00,115722.72,115722.72,115722.71,115722.72,0.5744
2025-09-20 20:13:00,115722.72,115722.72,115722.71,115722.72,0.48982
2025-09-20 20:14:00,115722.72,115722.72,115722.71,115722.71,1.18229
2025-09-20 20:15:00,115722.72,115722.72,115722.71,115722.71,6.52654
2025-09-20 20:16:00,115722.71,115722.72,115722.71,115722.72,0.52748
2025-09-20 20:17:00,115722.71,115722.72,115722.71,115722.72,0.36182
2025-09-20 20:18:00,115722.72,115722.72,115710.22,115710.23,3.02228
2025-09-20 20:19:00,115710.22,115710.22,115689.91,115689.91,2.67203
2025-09-20 20:20:00,115689.92,115689.92,115689.91,115689.91,2.79936
2025-09-20 20:21:00,115689.92,115689.92,115689.91,115689.92,0.53347
2025-09-20 20:22:00,115689.92,115689.92,115689.91,115689.92,0.33335
2025-09-20 20:23:00,115689.92,115689.92,115689.91,115689.91,2.09087
2025-09-20 20:24:00,115689.91,115694.54,115689.91,115694.53,6.73143
2025-09-20 20:25:00,115694.53,115733.12,115694.53,115733.11,5.3806
2025-09-20 20:26:00,115733.12,115758.04,115733.11,115758.04,7.4271
2025-09-20 20:27:00,115758.03,115758.04,115758.03,115758.03,0.45974
2025-09-20 20:28:00,115758.04,115758.04,115758.03,115758.04,0.56978
2025-09-20 20:29:00,115758.03,115758.04,115758.03,115758.04,0.25601
2025-09-20 20:30:00,115758.04,115774.23,115758.03,115774.22,7.43534
2025-09-20 20:31:00,115774.23,115774.23,115774.22,115774.22,1.63505
2025-09-20 20:32:00,115774.22,115774.23,115774.22,115774.22,4.58186
2025-09-20 20:33:00,115774.23,115774.23,115774.22,115774.22,0.56925
2025-09-20 20:34:00,115774.23,115774.23,115774.22,115774.22,5.81739
2025-09-20 20:35:00,115774.22,115774.23,115774.22,115774.22,0.45488
2025-09-20 20:36:00,115774.23,115774.23,115774.22,115774.23,1.13809
2025-09-20 20:37:00,115774.23,115774.23,115746.01,115746.63,5.78697
2025-09-20 20:38:00,115746.63,115746.63,115746.62,115746.62,0.82042
2025-09-20 20:39:00,115746.63,115762.58,115746.63,115762.57,11.44418
2025-09-20 20:40:00,115762.57,115762.58,115762.57,115762.57,1.34453
2025-09-20 20:41:00,115762.58,115768.34,115762.57,115768.34,6.69289
2025-09-20 20:42:00,115768.33,115768.34,115768.33,115768.33,0.31724
2025-09-20 20:43:00,115768.33,115768.34,115768.33,115768.33,0.32839
2025-09-20 20:44:00,115768.34,115768.34,115768.33,115768.33,0.56778
2025-09-20 20:45:00,115768.33,115768.34,115768.33,115768.34,1.24659
2025-09-20 20:46:00,115768.34,115768.34,115768.33,115768.33,0.60182
2025-09-20 20:47:00,115768.33,115768.34,115768.33,115768.34,0.32456
2025-09-20 20:48:00,115768.34,115789.57,115768.33,115789.57,7.14142
2025-09-20 20:49:00,115789.56,115789.57,115789.56,115789.56,0.31154
2025-09-20 20:50:00,115789.56,115789.57,115789.56,115789.56,0.59131
2025-09-20 20:51:00,115789.56,115789.57,115789.55,115789.55,8.28507
2025-09-20 20:52:00,115789.55,115789.56,115775.22,115775.22,6.39338
2025-09-20 20:53:00,115775.22,115775.23,115775.22,115775.22,0.35474
2025-09-20 20:54:00,115775.22,115775.23,115775.22,115775.22,0.55124
2025-09-20 20:55:00,115775.22,115775.23,115775.22,115775.22,0.33905
2025-09-20 20:56:00,115775.23,115775.23,115775.22,115775.23,0.2232
2025-09-20 20:57:00,115775.23,115775.23,115775.22,115775.22,0.46789
2025-09-20 20:58:00,115775.23,115775.23,115775.22,115775.23,0.66264
2025-09-20 20:59:00,115775.22,115775.23,115721.1,115721.1,9.53734
2025-09-20 21:00:00,115721.1,115721.11,115721.1,115721.1,2.87437
2025-09-20 21:01:00,115721.11,115721.11,115721.1,115721.1,6.32466
2025-09-20 21:02:00,115721.11,115759.06,115721.1,115759.03,9.25031
2025-09-20 21:03:00,115759.04,115761.12,115759.03,115761.11,2.99795
2025-09-20 21:04:00,115761.12,115765.79,115761.11,115765.78,3.32114
2025-09-20 21:05:00,115765.78,115765.79,115765.78,115765.78,1.05
2025-09-20 21:06:00,115765.78,115765.79,115765.78,115765.78,0.24098
2025-09-20 21:07:00,115765.78,115765.79,115765.78,115765.78,0.38458
2025-09-20 21:08:00,115765.79,115765.79,115765.78,115765.78,0.57741
2025-09-20 21:09:00,115765.78,115765.79,115765.78,115765.78,0.36609
2025-09-20 21:10:00,115765.79,115765.79,115765.78,115765.79,0.39814
2025-09-20 21:11:00,115765.79,115765.79,115765.78,115765.78,0.4569
2025-09-20 21:12:00,115765.79,115765.79,115765.78,115765.79,0.33086
2025-09-20 21:13:00,115765.79,115765.79,115765.78,115765.78,2.64252
2025-09-20 21:14:00,115765.79,115822.19,115765.78,115822.18,7.23477
2025-09-20 21:15:00,115822.19,115822.19,115822.18,115822.18,0.27661
2025-09-20 21:16:00,115822.19,115823.14,115822.18,115823.14,2.45814
2025-09-20 21:17:00,115823.14,115823.14,115823.13,115823.14,0.44985
2025-09-20 21:18:00,115823.14,115823.14,115801.6,115809.11,9.93032
2025-09-20 21:19:00,115809.12,115817.08,115809.11,115817.07,4.30398
2025-09-20 21:20:00,115817.07,115817.08,115817.07,115817.08,0.52613
2025-09-20 21:21:00,115817.07,115825.8,115817.07,115825.79,7.97047
2025-09-20 21:22:00,115825.79,115825.79,115821.34,115821.35,4.49566
2025-09-20 21:23:00,115821.34,115821.35,115821.34,115821.35,0.52598
2025-09-20 21:24:00,115821.35,115821.35,115821.34,115821.34,0.31912
2025-09-20 21:25:00,115821.35,115821.35,115821.34,115821.35,0.36587
2025-09-20 21:26:00,115821.35,115821.35,115821.34,115821.35,0.28056
2025-09-20 21:27:00,115821.34,115845.36,115821.34,115845.35,6.23853
2025-09-20 21:28:00,115845.36,115870.79,115845.36,115870.78,5.7105
2025-09-20 21:29:00,115870.79,115870.79,115870.78,115870.79,0.24711
2025-09-20 21:30:00,115870.79,115874.0,115870.78,115870.8,13.54635
2025-09-20 21:31:00,115870.81,115870.81,115870.79,115870.79,1.56858
2025-09-20 21:32:00,115870.79,115870.8,115870.79,115870.8,0.56273
2025-09-20 21:33:00,115870.8,115870.8,115870.79,115870.8,0.38877
2025-09-20 21:34:00,115870.8,115870.8,115870.79,115870.8,0.39965
2025-09-20 21:35:00,115870.8,115892.67,115870.8,115892.67,8.57752
2025-09-20 21:36:00,115892.67,115909.54,115892.66,115909.53,1.41493
2025-09-20 21:37:00,115909.53,115909.54,115909.53,115909.53,0.65806
2025-09-20 21:38:00,115909.54,115913.47,115909.53,115910.12,7.964
2025-09-20 21:39:00,115910.12,115927.09,115910.11,115927.09,5.98246
2025-09-20 21:40:00,115927.09,115944.7,115927.09,115932.57,6.59669
2025-09-20 21:41:00,115932.57,115932.58,115920.28,115920.29,1.77221
2025-09-20 21:42:00,115920.29,115920.29,115910.45,115910.45,6.0149
2025-09-20 21:43:00,115910.45,115910.46,115897.88,115897.88,4.9065
2025-09-20 21:44:00,115897.88,115897.89,115888.48,115888.48,2.90522
2025-09-20 21:45:00,115888.49,115888.49,115870.7,115870.7,2.9223
2025-09-20 21:46:00,115870.7,115870.71,115870.7,115870.7,1.84438
2025-09-20 21:47:00,115870.71,115870.71,115870.0,115870.0,1.69396
2025-09-20 21:48:00,115870.0,115870.0,115800.0,115800.01,4.40448
2025-09-20 21:49:00,115800.01,115813.55,115800.0,115813.54,3.09417
2025-09-20 21:50:00,115813.54,115813.55,115813.54,115813.55,1.08876
2025-09-20 21:51:00,115813.55,115813.55,115810.9,115810.9,10.35344
2025-09-20 21:52:00,115810.89,115810.9,115810.69,115810.69,7.70031
2025-09-20 21:53:00,115810.69,115810.7,115808.12,115808.12,2.38585
2025-09-20 21:54:00,115808.12,115808.13,115808.12,115808.12,0.68721
2025-09-20 21:55:00,115808.12,115808.13,115808.12,115808.12,4.10655
2025-09-20 21:56:00,115808.13,115808.13,115800.13,115800.13,2.31595
2025-09-20 21:57:00,115800.14,115800.14,115800.13,115800.14,0.55692
2025-09-20 21:58:00,115800.13,115800.14,115768.98,115779.99,5.68666
2025-09-20 21:59:00,115780.0,115786.31,115761.17,115786.31,5.71408
2025-09-20 22:00:00,115786.3,115786.31,115786.3,115786.31,1.89883
2025-09-20 22:01:00,115786.31,115795.51,115786.3,115795.51,1.21132
2025-09-20 22:02:00,115795.5,115796.54,115795.5,115796.53,3.76056
2025-09-20 22:03:00,115796.53,115796.54,115775.54,115775.75,11.56494
2025-09-20 22:04:00,115775.75,115786.88,115775.75,115778.01,6.46035
2025-09-20 22:05:00,115778.0,115778.01,115767.01,115767.01,1.93428
2025-09-20 22:06:00,115767.02,115767.02,115767.01,115767.02,0.29618
2025-09-20 22:07:00,115767.02,115767.02,115767.01,115767.01,10.38831
2025-09-20 22:08:00,115767.02,115767.02,115767.01,115767.01,2.98651
2025-09-20 22:09:00,115767.02,115767.02,115767.01,115767.02,0.42602
2025-09-20 22:10:00,115767.01,115788.71,115767.01,115788.7,2.63648
2025-09-20 22:11:00,115788.7,115788.71,115770.77,115770.78,3.41485
2025-09-20 22:12:00,115770.78,115770.78,115770.77,115770.78,1.20075
2025-09-20 22:13:00,115770.77,115770.78,115770.77,115770.78,0.33227
2025-09-20 22:14:00,115770.77,115793.16,115770.77,115793.15,5.68162
2025-09-20 22:15:00,115793.16,115793.16,115772.31,115788.99,5.0976
2025-09-20 22:16:00,115789.0,115789.0,115767.02,115767.03,1.94377
2025-09-20 22:17:00,115767.03,115767.03,115767.02,115767.02,0.4646
2025-09-20 22:18:00,115767.02,115774.29,115767.02,115774.28,3.1868
2025-09-20 22:19:00,115774.28,115774.29,115767.03,115767.03,1.38545
2025-09-20 22:20:00,115767.03,115767.04,115767.03,115767.03,0.9995
2025-09-20 22:21:00,115767.04,115767.04,115767.03,115767.03,1.07782
2025-09-20 22:22:00,115767.03,115767.04,115767.03,115767.03,0.61511
2025-09-20 22:23:00,115767.03,115767.04,115767.03,115767.04,0.28604
2025-09-20 22:24:00,115767.03,115771.14,115767.03,115771.14,2.67735
2025-09-20 22:25:00,115771.14,115771.14,115771.13,115771.14,0.50262
2025-09-20 22:26:00,115771.13,115771.14,115767.04,115767.04,5.52544
2025-09-20 22:27:00,115767.05,115767.05,115767.04,115767.04,3.02948
2025-09-20 22:28:00,115767.04,115767.05,115767.04,115767.05,1.18996
2025-09-20 22:29:00,115767.04,115767.05,115767.04,115767.05,0.52504
2025-09-20 22:30:00,115767.05,115767.05,115750.0,115750.0,2.4969
2025-09-20 22:31:00,115750.0,115750.01,115750.0,115750.0,0.94687
2025-09-20 22:32:00,115750.0,115750.01,115743.45,115743.45,6.04917
2025-09-20 22:33:00,115743.46,115743.46,115743.4,115743.41,7.04093
2025-09-20 22:34:00,115743.41,115743.41,115743.4,115743.41,1.1039
2025-09-20 22:35:00,115743.4,115743.41,115743.4,115743.4,6.55185
2025-09-20 22:36:00,115743.41,115743.41,115743.4,115743.41,0.64338
2025-09-20 22:37:00,115743.4,115743.41,115742.14,115742.15,13.23624
2025-09-20 22:38:00,115742.16,115742.16,115742.15,115742.16,0.93255
2025-09-20 22:39:00,115742.16,115763.2,115742.15,115761.7,8.01812
2025-09-20 22:40:00,115761.7,115761.7,115744.67,115744.67,2.59369
2025-09-20 22:41:00,115744.68,115744.68,115744.67,115744.67,0.98407
2025-09-20 22:42:00,115744.68,115744.68,115744.67,115744.67,1.28753
2025-09-20 22:43:00,115744.68,115744.68,115743.42,115743.42,0.94036
2025-09-20 22:44:00,115743.43,115743.43,115743.42,115743.42,0.35511
2025-09-20 22:45:00,115743.43,115776.05,115743.42,115776.04,3.40691
2025-09-20 22:46:00,115776.05,115776.06,115776.04,115776.05,3.81026
2025-09-20 22:47:00,115776.06,115781.94,115776.05,115781.93,2.15844
2025-09-20 22:48:00,115781.93,115781.94,115781.93,115781.94,0.65101
2025-09-20 22:49:00,115781.94,115781.94,115781.93,115781.94,0.26086
2025-09-20 22:50:00,115781.94,115781.94,115781.93,115781.94,0.48191
2025-09-20 22:51:00,115781.93,115781.94,115776.05,115776.05,8.49193
2025-09-20 22:52:00,115776.05,115776.06,115776.05,115776.05,1.3633
2025-09-20 22:53:00,115776.06,115781.64,115776.05,115781.64,3.66079
2025-09-20 22:54:00,115781.63,115781.64,115781.63,115781.63,0.24537
2025-09-20 22:55:00,115781.64,115781.64,115781.63,115781.64,1.00721
2025-09-20 22:56:00,115781.63,115781.64,115781.63,115781.63,0.76152
2025-09-20 22:57:00,115781.64,115781.64,115781.63,115781.64,1.17982
2025-09-20 22:58:00,115781.63,115781.64,115781.63,115781.63,0.97628
2025-09-20 22:59:00,115781.64,115781.64,115776.05,115776.06,4.88742
2025-09-20 23:00:00,115776.06,115776.06,115776.05,115776.06,0.80357
2025-09-20 23:01:00,115776.05,115776.06,115776.05,115776.06,0.78134
2025-09-20 23:02:00,115776.06,115776.06,115776.05,115776.05,0.99235
2025-09-20 23:03:00,115776.06,115776.06,115776.05,115776.05,1.37219
2025-09-20 23:04:00,115776.05,115776.06,115750.15,115750.16,4.07684
2025-09-20 23:05:00,115750.15,115750.16,115750.15,115750.16,0.89425
2025-09-20 23:06:00,115750.16,115753.99,115750.15,115753.98,1.93702
2025-09-20 23:07:00,115753.99,115753.99,115753.98,115753.99,0.73887
2025-09-20 23:08:00,115753.99,115753.99,115753.98,115753.99,0.40374
2025-09-20 23:09:00,115753.98,115753.99,115753.98,115753.98,0.20878
2025-09-20 23:10:00,115753.99,115753.99,115753.98,115753.99,0.99059
2025-09-20 23:11:00,115753.98,115753.98,115733.57,115733.65,3.46344
2025-09-20 23:12:00,115733.66,115733.66,115733.65,115733.66,0.45709
2025-09-20 23:13:00,115733.65,115733.66,115733.65,115733.65,0.3996
2025-09-20 23:14:00,115733.65,115733.66,115733.65,115733.65,1.34179
2025-09-20 23:15:00,115733.66,115733.66,115733.65,115733.66,0.32339
2025-09-20 23:16:00,115733.65,115733.66,115733.65,115733.66,0.3479
2025-09-20 23:17:00,115733.65,115733.66,115733.65,115733.65,0.76809
2025-09-20 23:18:00,115733.66,115733.66,115733.65,115733.66,3.95906
2025-09-20 23:19:00,115733.66,115733.66,115733.65,115733.66,0.82041
2025-09-20 23:20:00,115733.65,115733.66,115733.36,115733.36,4.31199
2025-09-20 23:21:00,115733.37,115733.37,115721.1,115721.1,2.70075
2025-09-20 23:22:00,115721.11,115721.11,115721.1,115721.11,0.81499
2025-09-20 23:23:00,115721.1,115721.11,115721.1,115721.11,1.37334
2025-09-20 23:24:00,115721.11,115722.61,115721.1,115722.61,3.11328
2025-09-20 23:25:00,115722.6,115722.61,115722.6,115722.6,0.42869
2025-09-20 23:26:00,115722.61,115722.61,115722.6,115722.6,3.2174
2025-09-20 23:27:00,115722.6,115722.62,115722.6,115722.62,2.42154
2025-09-20 23:28:00,115722.61,115722.62,115722.61,115722.62,1.01393
2025-09-20 23:29:00,115722.62,115722.62,115722.59,115722.59,4.49496
2025-09-20 23:30:00,115722.59,115722.6,115626.72,115626.73,22.26963
2025-09-20 23:31:00,115626.72,115626.72,115603.42,115622.61,9.46111
2025-09-20 23:32:00,115622.61,115645.64,115622.61,115645.63,4.73573
2025-09-20 23:33:00,115645.63,115652.36,115645.63,115652.36,3.63312
2025-09-20 23:34:00,115652.36,115652.36,115652.35,115652.36,0.84627
2025-09-20 23:35:00,115652.35,115652.36,115652.35,115652.35,1.31337
2025-09-20 23:36:00,115652.35,115652.36,115652.35,115652.35,0.60126
2025-09-20 23:37:00,115652.36,115652.36,115652.35,115652.35,0.41986
2025-09-20 23:38:00,115652.36,115652.36,115652.35,115652.36,2.26321
2025-09-20 23:39:00,115652.36,115652.36,115626.33,115627.3,5.87454
2025-09-20 23:40:00,115627.29,115627.67,115627.29,115627.66,1.05152
2025-09-20 23:41:00,115627.66,115638.62,115627.65,115638.61,4.92874
2025-09-20 23:42:00,115638.62,115638.62,115638.61,115638.61,0.35719
2025-09-20 23:43:00,115638.61,115638.62,115638.61,115638.61,0.40759
2025-09-20 23:44:00,115638.61,115638.62,115638.61,115638.61,0.46144
2025-09-20 23:45:00,115638.62,115638.62,115638.61,115638.62,4.58163
2025-09-20 23:46:00,115638.61,115638.62,115638.61,115638.62,0.76421
2025-09-20 23:47:00,115638.62,115638.62,115638.61,115638.62,0.4406
2025-09-20 23:48:00,115638.62,115677.65,115638.62,115677.65,7.5833
2025-09-20 23:49:00,115677.65,115677.65,115677.64,115677.64,0.36322
2025-09-20 23:50:00,115677.64,115679.15,115677.64,115679.15,2.12296
2025-09-20 23:51:00,115679.14,115679.15,115679.14,115679.15,0.47796
2025-09-20 23:52:00,115679.14,115679.15,115679.14,115679.14,0.30743
2025-09-20 23:53:00,115679.15,115679.15,115679.14,115679.14,5.17156
2025-09-20 23:54:00,115679.14,115679.16,115679.14,115679.15,3.38949
2025-09-20 23:55:00,115679.15,115679.16,115679.15,115679.16,0.38736
2025-09-20 23:56:00,115679.16,115679.16,115679.15,115679.15,0.8685
2025-09-20 23:57:00,115679.15,115679.16,115679.15,115679.16,1.16844
2025-09-20 23:58:00,115679.15,115685.63,115679.15,115685.63,1.5978
2025-09-20 23:59:00,115685.62,115685.63,115685.62,115685.63,0.6119
2025-09-21 00:00:00,115685.63,115685.63,115685.62,115685.63,1.90382
2025-09-21 00:01:00,115685.63,115690.59,115685.62,115690.58,3.3002
2025-09-21 00:02:00,115690.59,115690.59,115690.58,115690.59,0.48693
2025-09-21 00:03:00,115690.58,115690.59,115690.58,115690.58,1.24609
2025-09-21 00:04:00,115690.58,115690.59,115690.58,115690.59,0.72973
2025-09-21 00:05:00,115690.58,115690.59,115690.58,115690.59,1.17631
2025-09-21 00:06:00,115690.59,115690.6,115690.58,115690.6,1.46892
2025-09-21 00:07:00,115690.59,115690.6,115690.59,115690.6,0.5448
2025-09-21 00:08:00,115690.6,115690.6,115690.59,115690.59,0.37214
2025-09-21 00:09:00,115690.6,115690.6,115679.28,115679.29,9.86459
2025-09-21 00:10:00,115679.28,115720.0,115679.28,115720.0,5.0167
2025-09-21 00:11:00,115719.99,115725.1,115719.99,115725.1,1.75481
2025-09-21 00:12:00,115725.09,115725.1,115725.09,115725.09,6.50581
2025-09-21 00:13:00,115725.09,115725.1,115725.09,115725.1,1.06885
2025-09-21 00:14:00,115725.09,115725.1,115725.09,115725.09,0.70034
2025-09-21 00:15:00,115725.09,115725.1,115725.09,115725.09,0.57095
2025-09-21 00:16:00,115725.09,115732.94,115725.09,115732.94,2.21115
2025-09-21 00:17:00,115732.94,115732.94,115700.0,115700.01,8.8693
2025-09-21 00:18:00,115700.0,115700.01,115672.51,115679.09,9.95432
2025-09-21 00:19:00,115679.09,115679.09,115679.08,115679.08,3.64896
2025-09-21 00:20:00,115679.08,115679.09,115673.21,115673.21,2.97646
2025-09-21 00:21:00,115673.21,115673.21,115645.72,115645.73,4.39813
2025-09-21 00:22:00,115645.72,115645.73,115630.1,115630.1,3.69678
2025-09-21 00:23:00,115630.1,115630.11,115630.1,115630.1,1.4999
2025-09-21 00:24:00,115630.11,115630.11,115627.0,115627.01,5.10757
2025-09-21 00:25:00,115627.0,115627.01,115627.0,115627.0,0.77508
2025-09-21 00:26:00,115627.01,115652.35,115627.0,115631.38,9.02008
2025-09-21 00:27:00,115631.37,115631.38,115627.0,115627.01,3.02638
2025-09-21 00:28:00,115627.0,115627.01,115597.84,115597.84,9.12627
2025-09-21 00:29:00,115597.85,115597.85,115597.84,115597.85,0.99666
2025-09-21 00:30:00,115597.85,115597.85,115597.84,115597.84,4.00021
2025-09-21 00:31:00,115597.85,115597.85,115597.84,115597.85,1.56114
2025-09-21 00:32:00,115597.84,115597.85,115597.84,115597.85,1.37838
2025-09-21 00:33:00,115597.84,115597.85,115577.56,115577.56,4.30922
2025-09-21 00:34:00,115577.57,115577.57,115574.09,115574.09,3.00275
2025-09-21 00:35:00,115574.09,115574.1,115559.99,115560.0,5.54734
2025-09-21 00:36:00,115559.99,115560.0,115559.97,115559.98,2.5714
2025-09-21 00:37:00,115559.97,115559.98,115559.97,115559.97,4.24234
2025-09-21 00:38:00,115559.97,115559.98,115559.97,115559.97,0.81279
2025-09-21 00:39:00,115559.97,115572.46,115559.97,115572.46,11.38782
2025-09-21 00:40:00,115572.45,115591.99,115572.45,115591.99,1.28899
2025-09-21 00:41:00,115591.99,115591.99,115587.86,115587.87,2.66207
2025-09-21 00:42:00,115587.86,115595.66,115587.86,115595.66,4.0457
2025-09-21 00:43:00,115595.66,115605.23,115595.65,115605.22,5.51948
2025-09-21 00:44:00,115605.23,115605.23,115605.22,115605.23,0.85766
2025-09-21 00:45:00,115605.23,115609.54,115605.22,115609.53,3.56161
2025-09-21 00:46:00,115609.54,115609.54,115609.53,115609.54,0.52487
2025-09-21 00:47:00,115609.53,115609.54,115609.53,115609.53,1.59186
2025-09-21 00:48:00,115609.54,115609.54,115605.21,115605.22,4.44239
2025-09-21 00:49:00,115605.21,115605.22,115605.0,115605.01,3.29451
2025-09-21 00:50:00,115605.0,115609.54,115605.0,115609.53,2.74125
2025-09-21 00:51:00,115609.54,115680.77,115609.54,115667.85,9.32796
2025-09-21 00:52:00,115667.85,115667.85,115667.84,115667.84,0.70355
2025-09-21 00:53:00,115667.85,115667.85,115667.84,115667.84,1.55582
2025-09-21 00:54:00,115667.85,115693.14,115667.84,115693.14,11.84825
2025-09-21 00:55:00,115693.14,115693.14,115686.76,115686.76,3.11445
2025-09-21 00:56:00,115686.77,115686.77,115686.76,115686.77,0.36691
2025-09-21 00:57:00,115686.77,115686.77,115666.83,115666.84,2.09714
2025-09-21 00:58:00,115666.83,115666.84,115660.0,115660.01,1.635
2025-09-21 00:59:00,115660.01,115660.01,115660.0,115660.01,2.92108
2025-09-21 01:00:00,115660.01,115660.01,115644.24,115644.24,11.43212
2025-09-21 01:01:00,115644.24,115644.25,115644.24,115644.25,1.45525
2025-09-21 01:02:00,115644.25,115644.25,115644.24,115644.24,3.13426
2025-09-21 01:03:00,115644.24,115644.25,115644.24,115644.24,1.05932
2025-09-21 01:04:00,115644.25,115644.25,115644.24,115644.25,0.48474
2025-09-21 01:05:00,115644.25,115644.25,115605.53,115605.53,6.28507
2025-09-21 01:06:00,115605.53,115605.54,115588.48,115588.49,2.29705
2025-09-21 01:07:00,115588.48,115588.49,115588.48,115588.49,0.50842
2025-09-21 01:08:00,115588.49,115588.49,115588.48,115588.48,1.75631
2025-09-21 01:09:00,115588.49,115588.49,115588.48,115588.48,0.58167
2025-09-21 01:10:00,115588.49,115588.49,115588.48,115588.48,1.63293
2025-09-21 01:11:00,115588.48,115588.49,115588.48,115588.48,1.92956
2025-09-21 01:12:00,115588.48,115588.49,115588.48,115588.49,1.40223
2025-09-21 01:13:00,115588.48,115588.49,115588.48,115588.49,1.43308
2025-09-21 01:14:00,115588.48,115588.49,115588.48,115588.48,0.85387
2025-09-21 01:15:00,115588.49,115588.49,115588.48,115588.48,0.89086
2025-09-21 01:16:00,115588.48,115611.56,115588.48,115610.99,20.61298
2025-09-21 01:17:00,115611.0,115611.0,115591.5,115591.5,4.50366
2025-09-21 01:18:00,115591.5,115591.5,115588.49,115588.49,1.53721
2025-09-21 01:19:00,115588.49,115588.5,115588.49,115588.49,4.17024
2025-09-21 01:20:00,115588.5,115588.5,115588.49,115588.5,0.58251
2025-09-21 01:21:00,115588.49,115588.5,115588.49,115588.5,2.80559
2025-09-21 01:22:00,115588.49,115588.5,115588.49,115588.49,0.91088
2025-09-21 01:23:00,115588.49,115588.5,115575.38,115575.38,2.88045
2025-09-21 01:24:00,115575.39,115575.39,115575.38,115575.38,3.76536
2025-09-21 01:25:00,115575.38,115575.39,115575.38,115575.39,0.74993
2025-09-21 01:26:00,115575.38,115575.39,115575.38,115575.38,0.99646
2025-09-21 01:27:00,115575.39,115575.39,115575.36,115575.36,2.8591
2025-09-21 01:28:00,115575.36,115575.37,115575.36,115575.36,0.56572
2025-09-21 01:29:00,115575.37,115575.37,115575.35,115575.35,2.57173
2025-09-21 01:30:00,115575.36,115575.36,115575.35,115575.36,2.97938
2025-09-21 01:31:00,115575.35,115575.36,115575.31,115575.31,2.58604
2025-09-21 01:32:00,115575.32,115575.32,115574.92,115574.92,0.61635
2025-09-21 01:33:00,115574.92,115574.93,115574.92,115574.93,0.36104
2025-09-21 01:34:00,115574.92,115574.93,115574.92,115574.93,0.38995
2025-09-21 01:35:00,115574.93,115574.93,115574.92,115574.93,1.02648
2025-09-21 01:36:00,115574.93,115574.93,115574.84,115574.85,9.81046
2025-09-21 01:37:00,115574.85,115574.85,115574.84,115574.84,1.3549
2025-09-21 01:38:00,115574.84,115574.85,115574.82,115574.83,0.44993
2025-09-21 01:39:00,115574.83,115574.83,115574.74,115574.75,0.67136
2025-09-21 01:40:00,115574.74,115574.75,115574.68,115574.68,5.80757
2025-09-21 01:41:00,115574.68,115574.69,115570.0,115570.0,2.96978
2025-09-21 01:42:00,115570.01,115570.01,115555.3,115555.31,2.77797
2025-09-21 01:43:00,115555.3,115555.31,115555.3,115555.3,0.52261
2025-09-21 01:44:00,115555.3,115555.31,115555.3,115555.3,0.66718
2025-09-21 01:45:00,115555.31,115555.31,115515.0,115515.99,5.51219
2025-09-21 01:46:00,115516.0,115516.0,115515.99,115515.99,1.59161
2025-09-21 01:47:00,115516.0,115516.0,115515.99,115516.0,1.63689
2025-09-21 01:48:00,115515.99,115515.99,115514.63,115514.63,4.32146
2025-09-21 01:49:00,115514.63,115514.64,115514.63,115514.63,0.95706
2025-09-21 01:50:00,115514.64,115514.64,115514.63,115514.64,0.53723
2025-09-21 01:51:00,115514.64,115514.64,115514.63,115514.64,4.84932
2025-09-21 01:52:00,115514.63,115532.09,115514.59,115514.6,20.31742
2025-09-21 01:53:00,115514.59,115514.6,115514.59,115514.6,2.78889
2025-09-21 01:54:00,115514.59,115514.6,115514.59,115514.59,5.51888
2025-09-21 01:55:00,115514.59,115514.6,115512.63,115512.64,2.12285
2025-09-21 01:56:00,115512.63,115512.64,115512.63,115512.64,6.35006
2025-09-21 01:57:00,115512.63,115512.64,115511.81,115511.81,5.61439
2025-09-21 01:58:00,115511.81,115511.81,115500.0,115500.01,5.10738
2025-09-21 01:59:00,115500.0,115500.01,115500.0,115500.0,6.17794
2025-09-21 02:00:00,115500.01,115500.01,115500.0,115500.0,3.99337
2025-09-21 02:01:00,115500.01,115504.53,115500.0,115504.53,4.12987
2025-09-21 02:02:00,115504.53,115504.53,115504.52,115504.53,1.12756
2025-09-21 02:03:00,115504.53,115504.53,115504.52,115504.52,0.58445
2025-09-21 02:04:00,115504.53,115504.53,115504.52,115504.52,5.65292
2025-09-21 02:05:00,115504.52,115504.53,115504.52,115504.52,5.50437
2025-09-21 02:06:00,115504.53,115533.49,115504.52,115533.48,11.02795
2025-09-21 02:07:00,115533.48,115533.49,115533.48,115533.49,2.88514
2025-09-21 02:08:00,115533.49,115533.49,115533.48,115533.48,1.88521
2025-09-21 02:09:00,115533.48,115534.32,115533.48,115534.31,2.30944
2025-09-21 02:10:00,115534.32,115538.36,115534.31,115538.36,4.68899
2025-09-21 02:11:00,115538.35,115572.39,115538.35,115572.39,6.49767
2025-09-21 02:12:00,115572.38,115578.01,115572.38,115578.01,3.69472
2025-09-21 02:13:00,115578.0,115584.74,115578.0,115584.74,3.68504
2025-09-21 02:14:00,115584.73,115584.74,115584.73,115584.74,1.44691
2025-09-21 02:15:00,115584.74,115584.74,115584.73,115584.74,3.8655
2025-09-21 02:16:00,115584.74,115584.74,115584.73,115584.74,2.86788
2025-09-21 02:17:00,115584.73,115584.74,115529.33,115529.34,18.18756
2025-09-21 02:18:00,115529.34,115529.34,115500.0,115505.48,7.69512
2025-09-21 02:19:00,115505.49,115505.49,115499.99,115499.99,25.35659
2025-09-21 02:20:00,115499.99,115500.0,115499.99,115499.99,1.69343
2025-09-21 02:21:00,115500.0,115500.0,115441.83,115459.55,17.53715
2025-09-21 02:22:00,115459.54,115474.86,115459.52,115474.85,7.47943
2025-09-21 02:23:00,115474.86,115490.63,115474.85,115490.61,11.41779
2025-09-21 02:24:00,115490.61,115490.62,115489.43,115489.43,10.16807
2025-09-21 02:25:00,115489.43,115489.44,115484.91,115484.99,2.91908
2025-09-21 02:26:00,115485.0,115485.0,115484.99,115484.99,0.68926
2025-09-21 02:27:00,115485.0,115485.0,115484.99,115484.99,0.4054
2025-09-21 02:28:00,115485.0,115489.49,115484.99,115489.49,2.87179
2025-09-21 02:29:00,115489.48,115514.55,115489.48,115514.54,6.39127
2025-09-21 02:30:00,115514.55,115514.55,115514.54,115514.54,3.09356
2025-09-21 02:31:00,115514.55,115529.03,115514.54,115529.03,1.7312
2025-09-21 02:32:00,115529.03,115570.54,115529.03,115570.54,5.53278
2025-09-21 02:33:00,115570.53,115579.13,115570.53,115579.13,10.31991
2025-09-21 02:34:00,115579.13,115595.3,115579.12,115595.3,2.04352
2025-09-21 02:35:00,115595.3,115602.99,115595.29,115602.51,1.85714
2025-09-21 02:36:00,115602.52,115602.52,115592.84,115592.85,24.2653
2025-09-21 02:37:00,115592.84,115592.85,115590.2,115590.2,4.46259
2025-09-21 02:38:00,115590.21,115590.21,115590.13,115590.13,3.82282
2025-09-21 02:39:00,115590.13,115590.14,115590.13,115590.13,0.56363
2025-09-21 02:40:00,115590.14,115605.0,115590.13,115604.99,3.95955
2025-09-21 02:41:00,115605.0,115608.75,115604.99,115608.74,1.45
2025-09-21 02:42:00,115608.75,115623.13,115608.74,115623.13,10.54125
2025-09-21 02:43:00,115623.13,115633.93,115623.13,115633.92,3.25592
2025-09-21 02:44:00,115633.93,115633.93,115621.25,115621.25,3.01349
2025-09-21 02:45:00,115621.26,115621.26,115621.25,115621.25,0.72818
2025-09-21 02:46:00,115621.25,115621.26,115621.25,115621.26,0.35521
2025-09-21 02:47:00,115621.26,115621.26,115621.25,115621.25,0.31945
2025-09-21 02:48:00,115621.26,115634.99,115621.25,115634.98,3.68226
2025-09-21 02:49:00,115634.99,115655.02,115634.98,115655.01,11.34496
2025-09-21 02:50:00,115655.02,115673.45,115655.01,115673.44,12.79468
2025-09-21 02:51:00,115673.44,115673.45,115642.15,115647.39,13.16474
2025-09-21 02:52:00,115647.39,115653.4,115647.39,115653.39,1.45241
2025-09-21 02:53:00,115653.4,115671.97,115653.39,115671.96,1.91828
2025-09-21 02:54:00,115671.96,115692.83,115671.96,115692.82,2.74146
2025-09-21 02:55:00,115692.82,115700.0,115692.82,115700.0,3.58928
2025-09-21 02:56:00,115700.0,115700.0,115699.99,115700.0,0.3144
2025-09-21 02:57:00,115699.99,115700.0,115699.99,115700.0,0.75382
2025-09-21 02:58:00,115700.0,115700.0,115696.88,115696.88,5.22866
2025-09-21 02:59:00,115696.88,115696.88,115690.75,115690.76,4.23048
2025-09-21 03:00:00,115690.76,115690.76,115690.75,115690.76,1.21924
2025-09-21 03:01:00,115690.76,115690.76,115690.75,115690.75,0.57599
2025-09-21 03:02:00,115690.75,115690.76,115690.75,115690.75,0.88434
2025-09-21 03:03:00,115690.76,115690.76,115690.75,115690.76,1.37581
2025-09-21 03:04:00,115690.75,115690.76,115690.75,115690.75,1.61251
2025-09-21 03:05:00,115690.76,115690.76,115690.75,115690.76,0.98238
2025-09-21 03:06:00,115690.76,115690.76,115690.75,115690.76,1.35717
2025-09-21 03:07:00,115690.76,115690.76,115685.03,115685.04,1.20887
2025-09-21 03:08:00,115685.04,115700.0,115685.02,115700.0,12.85302
2025-09-21 03:09:00,115699.99,115700.0,115683.09,115683.1,2.83668
2025-09-21 03:10:00,115683.1,115683.1,115683.09,115683.1,0.47097
2025-09-21 03:11:00,115683.09,115683.1,115673.14,115673.14,2.38055
2025-09-21 03:12:00,115673.15,115684.46,115672.14,115684.46,4.83417
2025-09-21 03:13:00,115684.46,115684.46,115684.45,115684.45,0.63991
2025-09-21 03:14:00,115684.46,115716.0,115684.45,115715.99,14.84841
2025-09-21 03:15:00,115716.0,115723.43,115686.76,115686.76,10.97098
2025-09-21 03:16:00,115686.76,115686.77,115683.81,115683.82,18.02742
2025-09-21 03:17:00,115683.82,115683.82,115640.02,115640.02,4.16445
2025-09-21 03:18:00,115640.02,115640.02,115628.98,115628.99,4.75675
2025-09-21 03:19:00,115628.99,115628.99,115616.38,115622.83,7.67236
2025-09-21 03:20:00,115622.82,115653.97,115622.82,115651.91,4.25328
2025-09-21 03:21:00,115651.92,115663.29,115651.91,115663.27,4.5945
2025-09-21 03:22:00,115663.27,115663.28,115661.39,115661.4,2.42584
2025-09-21 03:23:00,115661.4,115661.4,115635.54,115635.55,1.51902
2025-09-21 03:24:00,115635.54,115647.13,115635.54,115641.37,4.26255
2025-09-21 03:25:00,115641.36,115641.36,115637.77,115637.78,1.58288
2025-09-21 03:26:00,115637.77,115637.78,115637.77,115637.78,0.48266
2025-09-21 03:27:00,115637.77,115645.86,115637.77,115645.86,3.25649
2025-09-21 03:28:00,115645.85,115649.54,115645.85,115649.53,2.22905
2025-09-21 03:29:00,115649.53,115649.54,115649.53,115649.53,0.42884
2025-09-21 03:30:00,115649.54,115649.54,115645.86,115645.86,2.35384
2025-09-21 03:31:00,115645.87,115645.87,115645.86,115645.87,1.02234
2025-09-21 03:32:00,115645.86,115645.87,115645.86,115645.86,0.69113
2025-09-21 03:33:00,115645.87,115645.87,115628.18,115628.18,2.77264
2025-09-21 03:34:00,115628.19,115628.19,115622.15,115622.16,2.5907
2025-09-21 03:35:00,115622.16,115622.16,115622.15,115622.15,2.11388
2025-09-21 03:36:00,115622.16,115622.16,115622.15,115622.16,1.27589
2025-09-21 03:37:00,115622.16,115622.16,115622.15,115622.15,1.30091
2025-09-21 03:38:00,115622.15,115641.18,115622.15,115641.17,5.20595
2025-09-21 03:39:00,115641.18,115646.35,115641.17,115645.89,2.49469
2025-09-21 03:40:00,115645.89,115645.89,115639.11,115639.11,2.68635
2025-09-21 03:41:00,115639.12,115639.12,115639.11,115639.11,1.76445
2025-09-21 03:42:00,115639.11,115639.12,115625.31,115625.31,6.49643
2025-09-21 03:43:00,115625.32,115625.32,115625.31,115625.32,0.64094
2025-09-21 03:44:00,115625.31,115625.32,115625.31,115625.32,0.30378
2025-09-21 03:45:00,115625.32,115648.99,115625.31,115648.99,3.05881
2025-09-21 03:46:00,115648.98,115648.99,115647.58,115647.58,6.68036
2025-09-21 03:47:00,115647.58,115647.59,115647.58,115647.59,2.18018
2025-09-21 03:48:00,115647.58,115647.59,115647.58,115647.59,0.61737
2025-09-21 03:49:00,115647.58,115647.59,115647.58,115647.59,0.97379
2025-09-21 03:50:00,115647.59,115647.59,115647.58,115647.59,2.8552
2025-09-21 03:51:00,115647.58,115647.59,115647.58,115647.58,0.62767
2025-09-21 03:52:00,115647.59,115647.59,115647.58,115647.58,0.53035
2025-09-21 03:53:00,115647.59,115647.59,115647.58,115647.58,0.25356
2025-09-21 03:54:00,115647.58,115647.59,115647.5,115647.5,10.82902
2025-09-21 03:55:00,115647.5,115647.51,115647.49,115647.49,5.51352
2025-09-21 03:56:00,115647.5,115647.5,115647.49,115647.5,2.08511
2025-09-21 03:57:00,115647.5,115647.5,115647.49,115647.49,1.24759
2025-09-21 03:58:00,115647.49,115647.5,115647.49,115647.49,1.63081
2025-09-21 03:59:00,115647.5,115669.42,115647.49,115669.41,8.38991
2025-09-21 04:00:00,115669.42,115669.42,115665.04,115665.05,2.09746
2025-09-21 04:01:00,115665.04,115665.05,115665.03,115665.04,2.29711
2025-09-21 04:02:00,115665.03,115665.04,115647.89,115647.9,1.81726
2025-09-21 04:03:00,115647.9,115647.9,115647.89,115647.9,0.65782
2025-09-21 04:04:00,115647.9,115647.9,115647.89,115647.9,1.43357
2025-09-21 04:05:00,115647.9,115647.9,115647.89,115647.9,0.87189
2025-09-21 04:06:00,115647.9,115647.9,115630.0,115630.01,1.67514
2025-09-21 04:07:00,115630.0,115630.01,115611.29,115611.3,3.50279
2025-09-21 04:08:00,115611.3,115611.3,115600.0,115600.0,1.4913
2025-09-21 04:09:00,115600.0,115600.01,115600.0,115600.0,0.68787
2025-09-21 04:10:00,115600.01,115600.01,115600.0,115600.01,2.71477
2025-09-21 04:11:00,115600.01,115600.01,115581.89,115582.55,3.7412
2025-09-21 04:12:00,115582.55,115582.56,115580.27,115580.28,1.41512
2025-09-21 04:13:00,115580.28,115580.28,115580.27,115580.28,1.09664
2025-09-21 04:14:00,115580.27,115580.28,115580.27,115580.27,0.54353
2025-09-21 04:15:00,115580.28,115580.28,115580.27,115580.28,0.89343
2025-09-21 04:16:00,115580.28,115580.28,115580.27,115580.28,0.81982
2025-09-21 04:17:00,115580.28,115580.28,115580.27,115580.28,0.50461
2025-09-21 04:18:00,115580.28,115580.28,115580.27,115580.28,0.91062
2025-09-21 04:19:00,115580.28,115580.28,115575.39,115575.4,3.16831
2025-09-21 04:20:00,115575.4,115575.4,115575.39,115575.4,0.73795
2025-09-21 04:21:00,115575.4,115575.4,115575.39,115575.4,0.4722
2025-09-21 04:22:00,115575.4,115575.4,115575.39,115575.4,0.25357
2025-09-21 04:23:00,115575.39,115575.4,115575.39,115575.4,1.28974
2025-09-21 04:24:00,115575.4,115575.4,115575.39,115575.4,0.33063
2025-09-21 04:25:00,115575.4,115575.4,115575.39,115575.39,0.96645
2025-09-21 04:26:00,115575.4,115575.4,115575.39,115575.4,1.2108
2025-09-21 04:27:00,115575.4,115575.4,115575.39,115575.39,0.83357
2025-09-21 04:28:00,115575.39,115575.4,115575.39,115575.4,0.59306
2025-09-21 04:29:00,115575.4,115575.4,115575.39,115575.39,1.21105
2025-09-21 04:30:00,115575.39,115575.4,115575.39,115575.4,0.41183
2025-09-21 04:31:00,115575.4,115575.4,115575.39,115575.4,0.57499
2025-09-21 04:32:00,115575.39,115575.4,115575.39,115575.4,0.90338
2025-09-21 04:33:00,115575.4,115575.4,115547.83,115547.83,5.31882
2025-09-21 04:34:00,115547.83,115547.84,115547.61,115547.62,5.32801
2025-09-21 04:35:00,115547.62,115547.62,115547.61,115547.61,0.95072
2025-09-21 04:36:00,115547.61,115547.62,115547.61,115547.62,0.71397
2025-09-21 04:37:00,115547.61,115547.62,115547.61,115547.61,0.78539
2025-09-21 04:38:00,115547.61,115547.62,115547.0,115547.0,1.51609
2025-09-21 04:39:00,115547.0,115547.01,115546.63,115546.63,0.80947
2025-09-21 04:40:00,115546.63,115546.64,115542.71,115542.72,2.1903
2025-09-21 04:41:00,115542.72,115542.72,115542.71,115542.72,1.11369
2025-09-21 04:42:00,115542.72,115542.72,115542.71,115542.71,1.59173
2025-09-21 04:43:00,115542.72,115542.72,115540.5,115540.51,0.95473
2025-09-21 04:44:00,115540.51,115540.51,115535.61,115535.61,1.76549
2025-09-21 04:45:00,115535.61,115535.62,115524.83,115524.84,2.25289
2025-09-21 04:46:00,115524.83,115524.84,115524.83,115524.84,2.213
2025-09-21 04:47:00,115524.83,115524.84,115524.83,115524.84,0.74835
2025-09-21 04:48:00,115524.84,115524.85,115524.84,115524.84,10.13744
2025-09-21 04:49:00,115524.85,115524.85,115518.02,115518.02,3.73832
2025-09-21 04:50:00,115518.02,115518.03,115506.92,115506.93,3.01824
2025-09-21 04:51:00,115506.92,115506.93,115506.71,115506.71,0.25693
2025-09-21 04:52:00,115506.71,115506.71,115500.0,115500.0,1.41058
2025-09-21 04:53:00,115500.01,115500.01,115500.0,115500.01,0.57018
2025-09-21 04:54:00,115500.0,115500.01,115499.43,115499.44,6.6296
2025-09-21 04:55:00,115499.43,115499.44,115499.43,115499.43,4.62664
2025-09-21 04:56:00,115499.43,115499.44,115499.27,115499.27,11.0738
2025-09-21 04:57:00,115499.27,115499.28,115494.22,115494.23,8.08424
2025-09-21 04:58:00,115494.22,115494.23,115494.22,115494.23,0.94278
2025-09-21 04:59:00,115494.22,115494.23,115494.22,115494.23,0.60643
2025-09-21 05:00:00,115494.23,115494.23,115487.56,115487.56,5.17104
2025-09-21 05:01:00,115487.56,115487.57,115487.56,115487.57,1.86589
2025-09-21 05:02:00,115487.57,115500.0,115487.56,115499.99,8.84728
2025-09-21 05:03:00,115500.0,115500.0,115499.99,115500.0,1.13955
2025-09-21 05:04:00,115499.99,115511.81,115499.99,115511.8,9.82933
2025-09-21 05:05:00,115511.8,115511.81,115511.8,115511.8,11.82886
2025-09-21 05:06:00,115511.8,115511.81,115510.94,115510.94,6.58704
2025-09-21 05:07:00,115510.94,115510.95,115510.94,115510.95,0.50375
2025-09-21 05:08:00,115510.94,115510.95,115510.94,115510.95,0.51752
2025-09-21 05:09:00,115510.95,115510.95,115510.94,115510.95,0.586
2025-09-21 05:10:00,115510.95,115510.95,115510.94,115510.95,0.84355
2025-09-21 05:11:00,115510.94,115530.62,115510.94,115530.62,7.47536
2025-09-21 05:12:00,115530.62,115530.62,115530.61,115530.61,0.57095
2025-09-21 05:13:00,115530.62,115530.62,115530.61,115530.61,1.17878
2025-09-21 05:14:00,115530.61,115530.62,115519.45,115522.36,9.66285
2025-09-21 05:15:00,115522.37,115550.02,115522.36,115550.02,5.54066
2025-09-21 05:16:00,115550.02,115550.02,115550.01,115550.02,0.39456
2025-09-21 05:17:00,115550.01,115550.02,115549.97,115549.97,3.09355
2025-09-21 05:18:00,115549.98,115549.98,115549.97,115549.98,3.08634
2025-09-21 05:19:00,115549.97,115549.98,115549.97,115549.98,0.55269
2025-09-21 05:20:00,115549.98,115549.98,115549.97,115549.97,1.15782
2025-09-21 05:21:00,115549.98,115549.98,115549.97,115549.98,0.35511
2025-09-21 05:22:00,115549.97,115559.73,115549.97,115559.72,2.35762
2025-09-21 05:23:00,115559.73,115559.73,115555.77,115555.77,8.42593
2025-09-21 05:24:00,115555.77,115555.78,115538.48,115538.49,3.34202
2025-09-21 05:25:00,115538.49,115538.49,115536.14,115536.14,2.62102
2025-09-21 05:26:00,115536.14,115536.15,115536.14,115536.14,0.66275
2025-09-21 05:27:00,115536.14,115536.15,115536.14,115536.15,0.99255
2025-09-21 05:28:00,115536.15,115536.15,115536.14,115536.14,0.40674
2025-09-21 05:29:00,115536.15,115536.15,115536.14,115536.14,8.07712
2025-09-21 05:30:00,115536.15,115536.15,115536.14,115536.14,0.6687
2025-09-21 05:31:00,115536.15,115536.15,115536.14,115536.15,0.58853
2025-09-21 05:32:00,115536.15,115536.15,115522.81,115522.82,4.96593
2025-09-21 05:33:00,115522.82,115522.83,115522.82,115522.83,8.43153
2025-09-21 05:34:00,115522.83,115522.84,115522.82,115522.83,5.28726
2025-09-21 05:35:00,115522.84,115522.84,115522.83,115522.83,0.94007
2025-09-21 05:36:00,115522.83,115522.84,115522.83,115522.83,0.77103
2025-09-21 05:37:00,115522.84,115527.62,115522.83,115527.61,3.85081
2025-09-21 05:38:00,115527.62,115527.62,115527.61,115527.61,2.75566
2025-09-21 05:39:00,115527.62,115527.62,115519.99,115519.99,9.80315
2025-09-21 05:40:00,115519.99,115520.0,115519.99,115519.99,1.06304
2025-09-21 05:41:00,115520.0,115520.0,115519.99,115519.99,0.4084
